{
    "davis2016": {
        "train": {
            "video_root": "../../datasets/DAVIS2016/JPEGImages/480p/",
            "label_root": "../../datasets/DAVIS2016/Annotations/480p/",
            "valid_videos": [
                "bear",
                "bmx-bumps",
                "boat",
                "breakdance-flare",
                "bus",
                "car-turn",
                "dance-jump",
                "dog-agility",
                "drift-turn",
                "elephant",
                "flamingo",
                "hike",
                "hockey",
                "horsejump-low",
                "kite-walk",
                "lucia",
                "mallard-fly",
                "mallard-water",
                "motocross-bumps",
                "motorbike",
                "paragliding",
                "rhino",
                "rollerblade",
                "scooter-gray",
                "soccerball",
                "stroller",
                "surf",
                "swing",
                "tennis",
                "train"
            ]
        },
        "val": {
            "video_root": "../../datasets/DAVIS2016/JPEGImages/480p/",
            "label_root": "../../datasets/DAVIS2016/Annotations/480p/",
            "valid_videos": [
                "blackswan",
                "bmx-trees",
                "breakdance",
                "camel",
                "car-roundabout",
                "car-shadow",
                "cows",
                "dance-twirl",
                "dog",
                "drift-chicane",
                "drift-straight",
                "goat",
                "horsejump-high",
                "kite-surf",
                "libby",
                "motocross-jump",
                "paragliding-launch",
                "parkour",
                "scooter-black",
                "soapbox"
            ]
        }
    },
    "davis2017": {
        "train": {
            "video_root": "../../datasets/DAVIS2017/JPEGImages/480p/",
            "label_root": "../../datasets/DAVIS2017/Annotations/480p/",
            "valid_videos": [
                "bear",
                "bmx-bumps",
                "boat",
                "boxing-fisheye",
                "breakdance-flare",
                "bus",
                "car-turn",
                "cat-girl",
                "classic-car",
                "color-run",
                "crossing",
                "dance-jump",
                "dancing",
                "disc-jockey",
                "dog-agility",
                "dog-gooses",
                "dogs-scale",
                "drift-turn",
                "drone",
                "elephant",
                "flamingo",
                "hike",
                "hockey",
                "horsejump-low",
                "kid-football",
                "kite-walk",
                "koala",
                "lady-running",
                "lindy-hop",
                "longboard",
                "lucia",
                "mallard-fly",
                "mallard-water",
                "miami-surf",
                "motocross-bumps",
                "motorbike",
                "night-race",
                "paragliding",
                "planes-water",
                "rallye",
                "rhino",
                "rollerblade",
                "schoolgirls",
                "scooter-board",
                "scooter-gray",
                "sheep",
                "skate-park",
                "snowboard",
                "soccerball",
                "stroller",
                "stunt",
                "surf",
                "swing",
                "tennis",
                "tractor-sand",
                "train",
                "tuk-tuk",
                "upside-down",
                "varanus-cage",
                "walking"
            ]
        },
        "val": {
            "video_root": "../../datasets/DAVIS2017/JPEGImages/480p/",
            "label_root": "../../datasets/DAVIS2017/Annotations/480p/",
            "valid_videos": [
                "bike-packing",
                "blackswan",
                "bmx-trees",
                "breakdance",
                "camel",
                "car-roundabout",
                "car-shadow",
                "cows",
                "dance-twirl",
                "dog",
                "dogs-jump",
                "drift-chicane",
                "drift-straight",
                "goat",
                "gold-fish",
                "horsejump-high",
                "india",
                "judo",
                "kite-surf",
                "lab-coat",
                "libby",
                "loading",
                "mbike-trick",
                "motocross-jump",
                "paragliding-launch",
                "parkour",
                "pigs",
                "scooter-black",
                "shooting",
                "soapbox"
            ]
        },
        "test": {
            "video_root": "../../datasets/DAVIS2017_test/JPEGImages/480p/",
            "label_root": "../../datasets/DAVIS2017_test/Annotations/480p/",
            "valid_videos": [
                "aerobatics",
                "car-race",
                "carousel",
                "cats-car",
                "chamaleon",
                "deer",
                "giant-slalom",
                "girl-dog",
                "golf",
                "guitar-violin",
                "gym",
                "helicopter",
                "horsejump-stick",
                "hoverboard",
                "lock",
                "man-bike",
                "monkeys-trees",
                "mtb-race",
                "orchid",
                "people-sunset",
                "planes-crossing",
                "rollercoaster",
                "salsa",
                "seasnake",
                "skate-jump",
                "slackline",
                "subway",
                "tandem",
                "tennis-vest",
                "tractor"
            ]
        }
    },
    "youtube": {
        "train": {
            "video_root": "../../datasets/YouTubeVOS/train/JPEGImages/",
            "label_root": "../../datasets/YouTubeVOS/train/Annotations/",
            "meta_path": "../../datasets/YouTubeVOS/train/meta.json"
        },
        "test": {
            "video_root": "../../datasets/YouTubeVOS/valid/JPEGImages/",
            "label_root": "../../datasets/YouTubeVOS/valid/Annotations/",
            "meta_path": "../../datasets/YouTubeVOS/valid/meta.json"
        }
    },
    "coco": {
        "train": {
            "image_dir": "../../datasets/coco/train2017",
            "mask_dir": "../../datasets/coco/mask2017"
        }
    }
}